<!DOCTYPE metadata SYSTEM "http://fgdc.gov/metadata/fgdc-std-001-1998.dtd">
<metadata>
  <idinfo>
    <citation>
      <citeinfo>
        <origin>U.S. Department of Commerce. Census Bureau. Geography Division</origin>
        <pubdate>2000</pubdate>
        <title>Counties with Demographics, New York State, 2000</title>
        <geoform>vector digital data</geoform>
        <onlink>https://cugir.library.cornell.edu/catalog/cugir-007865</onlink>
      </citeinfo>
    </citation>
    <descript>
      <abstract>This dataset presents boundaries and basic demographic
        data from the 2000 Census for each county and county-equivalent area in New York state.</abstract>
      <purpose>For county-scale geographic and demographic analysis.</purpose>
    </descript>
    <timeperd>
      <timeinfo>
        <sngdate>
          <caldate>2000</caldate>
        </sngdate>
      </timeinfo>
      <current>ground condition</current>
    </timeperd>
    <status>
      <progress>Complete</progress>
      <update>None planned</update>
    </status>
    <spdom>
          <bounding>
            <westbc>-79.762152</westbc>
            <eastbc>-71.856214</eastbc>
            <northbc>45.01585</northbc>
            <southbc>40.496103</southbc>
          </bounding>
        </spdom>
    <keywords>
      <theme>
        <themekt>None</themekt>
        <themekey>County Boundaries</themekey>
        <themekey>Counties</themekey>
        <themekey>demographic data</themekey>
        <themekey>Census</themekey>
      </theme>
      <theme>
        <themekt>ISO 19115 Topic Category</themekt>
        <themekey>society</themekey>
        <themekey>boundaries</themekey>
      </theme>
      <theme>
              <themekt>CUGIR Category</themekt>
              <themekey>society</themekey>
<themekey>boundaries</themekey>
            </theme>
      <place>
        <placekt>LCSH</placekt>
        <placekey>New York (State)</placekey>
      </place>
    </keywords>
    <accconst>None</accconst>
    <useconst>None. By law, Title 17 U.S.C., Section 105, copyright protection
      is not available for any work of the United States Government. Thus, the
      Government is precluded from copyrighting its publications. Consequently,
      you are free to reproduce census materials as you see fit. The U.S. Census
      Bureau asks, however, that in using this data you cite the Census Bureau
      as the source.</useconst>
    <browse>
              <browsen>https://cugir-data.s3.amazonaws.com/00/78/65/preview.png</browsen>
              <browsed>preview of the dataset</browsed>
              <browset>PNG</browset>
            </browse>
  </idinfo>
  <dataqual>
    <logic>The demographic attribute information for each county has not been
      fully tested for logical consistency.</logic>
    <complete>Demographic attribute values are fully present for every county.</complete>
    <posacc>
      <horizpa>
        <horizpar>The cartographic boundary files are primarily designed for
          small scale, thematic mapping applications at a target scale range of
          1:500,000 to 1:5,000,000. The cartographic boundary files are a
          generalized extract from the U.S. Census Bureau's TIGER database. Line
          simplification/smoothing was performed with a tolerance of 0.005
          decimal degrees and a coordinate reduction using the Douglas-Peucker
          method with a tolerance of 0.0003 decimal degrees. Very small polygons
          were eliminated when the combination of geographic codes existed
          elsewhere. The geography was clipped back to the shoreline of the
          United States, in contrast to TIGER/Line which shows the full extent
          of geography out to the 3-mile limit. Because of coordinate thinning:
          1. Cartographic boundary files should not be used for geocoding; 2.
          Some offshore, redundant, zero population and housing land areas may
          be absent from the files; 3. Cartographic Boundary files are not
          necessarily vertically integrated with previous boundary file sets.
        </horizpar>
      </horizpa>
    </posacc>
    <lineage>
      <procstep>
        <procdesc>The original shapefile of year 2000 county boundaries was
          obtained from the U.S. Census Bureau "Cartographic Boundary Files"
          download page
          &lt;http://www.census.gov/geo/www/cob/bdy_files.html&gt;, and
          projected to UTM zone 18N (NAD 1983). Attribute data from the 2000
          Census was downloaded from American FactFinder
          &lt;http://factfinder.census.gov/&gt; and joined to the
          shapefile attribute table.</procdesc>
        <procdate>200409</procdate>
      </procstep>
    </lineage>
  </dataqual>
  <spdoinfo>
        <direct>Vector</direct>
        <ptvctinf>
          <sdtsterm>
            <sdtstype>G-polygon</sdtstype>
            <ptvctcnt>67</ptvctcnt>
          </sdtsterm>
        </ptvctinf>
      </spdoinfo>
  <spref>
    <horizsys>
      <geograph>
        <latres>0.000458</latres>
        <longres>0.000458</longres>
        <geogunit>Decimal degrees</geogunit>
      </geograph>
      <geodetic>
        <horizdn>North American Datum of 1983</horizdn>
        <ellips>Geodetic Reference System 80</ellips>
        <semiaxis>6378137.000000</semiaxis>
        <denflat>298.257222</denflat>
      </geodetic>
    </horizsys>
  </spref>
  <eainfo>
    <detailed>
      <enttyp>
        <enttypl>county</enttypl>
        <enttypd/>
        <enttypds/>
      </enttyp>
      <attr>
        <attrlabl>FID</attrlabl>
        <attrdef>Internal feature number.</attrdef>
        <attrdefs>ESRI</attrdefs>
        <attrdomv>
          <udom>Sequential unique whole numbers that are automatically
            generated.</udom>
        </attrdomv>
      </attr>
      <attr>
        <attrlabl>Shape</attrlabl>
        <attrdef>Feature geometry.</attrdef>
        <attrdefs>ESRI</attrdefs>
        <attrdomv>
          <udom>Coordinates defining the features.</udom>
        </attrdomv>
      </attr>
      <attr>
        <attrlabl>STATE</attrlabl>
        <attrdef>FIPS State Numeric Code</attrdef>
        <attrdefs/>
        <attrdomv>
          <codesetd>
            <codesetn>FIPS Numeric Codes for the States and the District of
              Columbia</codesetn>
            <codesets>FIPS PUB 5-2</codesets>
          </codesetd>
        </attrdomv>
      </attr>
      <attr>
        <attrlabl>COUNTY</attrlabl>
        <attrdef>FIPS County Code</attrdef>
        <attrdefs/>
        <attrdomv>
          <codesetd>
            <codesetn>FIPS Codes for Counties and Equivalent Entities of the
              United States, Its Possessions, and Associated Areas.</codesetn>
            <codesets>FIPS PUB 6-4</codesets>
          </codesetd>
        </attrdomv>
      </attr>
      <attr>
        <attrlabl>NAME</attrlabl>
        <attrdef>County name</attrdef>
        <attrdefs/>
        <attrdomv>
          <udom>Text string.</udom>
        </attrdomv>
      </attr>
      <attr>
        <attrlabl>LSAD</attrlabl>
        <attrdef>The legal/statistical area description</attrdef>
        <attrdefs>U.S. Census Bureau</attrdefs>
        <attrdomv>
          <edom>
            <edomv>06</edomv>
            <edomvd>The legal/statistical description for "county"</edomvd>
            <edomvds>U.S. Census Bureau</edomvds>
          </edom>
        </attrdomv>
      </attr>
      <attr>
        <attrlabl>LSAD_TRANS</attrlabl>
        <attrdef>The legal/statistical area description translation</attrdef>
        <attrdefs>U.S. Census Bureau</attrdefs>
        <attrdomv>
          <udom>Single value, "County"</udom>
        </attrdomv>
      </attr>
      <attr>
        <attrlabl>OID_</attrlabl>
        <attrdef>Object ID</attrdef>
        <attrdefs/>
        <attrdomv>
          <udom>Sequential unique whole numbers that are automatically
            generated.</udom>
        </attrdomv>
      </attr>
      <attr>
        <attrlabl>COUNTY_FIP</attrlabl>
        <attrdef>FIPS County Code</attrdef>
        <attrdefs/>
        <attrdomv>
          <codesetd>
            <codesetn>FIPS Codes for Counties and Equivalent Entities of the
              United States, Its Possessions, and Associated Areas.</codesetn>
            <codesets>FIPS PUB 6-4</codesets>
          </codesetd>
        </attrdomv>
      </attr>
      <attr>
        <attrlabl>POP2000</attrlabl>
        <attrdef>Total population from 2000 census</attrdef>
        <attrdefs>U.S. Census Bureau</attrdefs>
        <attrdomv>
          <rdom>
            <rdommin>0</rdommin>
            <rdommax>Unbounded</rdommax>
          </rdom>
        </attrdomv>
      </attr>
      <attr>
        <attrlabl>WHITE</attrlabl>
        <attrdef>White alone</attrdef>
        <attrdefs>U.S. Census Bureau</attrdefs>
        <attrdomv>
          <rdom>
            <rdommin>0</rdommin>
            <rdommax>Unbounded</rdommax>
          </rdom>
        </attrdomv>
      </attr>
      <attr>
        <attrlabl>BLACK</attrlabl>
        <attrdef>Black or African American alone</attrdef>
        <attrdefs>U.S. Census Bureau</attrdefs>
        <attrdomv>
          <rdom>
            <rdommin>0</rdommin>
            <rdommax>Unbounded</rdommax>
          </rdom>
        </attrdomv>
      </attr>
      <attr>
        <attrlabl>AMER_ES</attrlabl>
        <attrdef>American Indian and Alaska Native alone</attrdef>
        <attrdefs>U.S. Census Bureau</attrdefs>
        <attrdomv>
          <rdom>
            <rdommin>0</rdommin>
            <rdommax>Unbounded</rdommax>
          </rdom>
        </attrdomv>
      </attr>
      <attr>
        <attrlabl>ASIAN</attrlabl>
        <attrdef>Asian alone</attrdef>
        <attrdefs>U.S. Census Bureau</attrdefs>
        <attrdomv>
          <rdom>
            <rdommin>0</rdommin>
            <rdommax>Unbounded</rdommax>
          </rdom>
        </attrdomv>
      </attr>
      <attr>
        <attrlabl>HAWN_PI</attrlabl>
        <attrdef>Native Hawaiian and Other Pacific Islander alone</attrdef>
        <attrdefs>U.S. Census Bureau</attrdefs>
        <attrdomv>
          <rdom>
            <rdommin>0</rdommin>
            <rdommax>Unbounded</rdommax>
          </rdom>
        </attrdomv>
      </attr>
      <attr>
        <attrlabl>OTHER</attrlabl>
        <attrdef>Some other race alone</attrdef>
        <attrdefs>U.S. Census Bureau</attrdefs>
        <attrdomv>
          <rdom>
            <rdommin>0</rdommin>
            <rdommax>Unbounded</rdommax>
          </rdom>
        </attrdomv>
      </attr>
      <attr>
        <attrlabl>MULT_RACE</attrlabl>
        <attrdef>Two or more races</attrdef>
        <attrdefs>U.S. Census Bureau</attrdefs>
        <attrdomv>
          <rdom>
            <rdommin>0</rdommin>
            <rdommax>Unbounded</rdommax>
          </rdom>
        </attrdomv>
      </attr>
      <attr>
        <attrlabl>HISPANIC</attrlabl>
        <attrdef>Hispanic or Latino</attrdef>
        <attrdefs>U.S. Census Bureau</attrdefs>
        <attrdomv>
          <rdom>
            <rdommin>0</rdommin>
            <rdommax>Unbounded</rdommax>
          </rdom>
        </attrdomv>
      </attr>
      <attr>
        <attrlabl>MALE</attrlabl>
        <attrdef>Total male</attrdef>
        <attrdefs>U.S. Census Bureau</attrdefs>
        <attrdomv>
          <rdom>
            <rdommin>0</rdommin>
            <rdommax>Unbounded</rdommax>
          </rdom>
        </attrdomv>
      </attr>
      <attr>
        <attrlabl>FEMALE</attrlabl>
        <attrdef>Total female</attrdef>
        <attrdefs>U.S. Census Bureau</attrdefs>
        <attrdomv>
          <rdom>
            <rdommin>0</rdommin>
            <rdommax>Unbounded</rdommax>
          </rdom>
        </attrdomv>
      </attr>
      <attr>
        <attrlabl>M_UNDER5</attrlabl>
        <attrdef>Males under 5</attrdef>
        <attrdefs>U.S. Census Bureau</attrdefs>
        <attrdomv>
          <rdom>
            <rdommin>0</rdommin>
            <rdommax>Unbounded</rdommax>
          </rdom>
        </attrdomv>
      </attr>
      <attr>
        <attrlabl>M5_9</attrlabl>
        <attrdef>Males 5-9 years</attrdef>
        <attrdefs>U.S. Census Bureau</attrdefs>
        <attrdomv>
          <rdom>
            <rdommin>0</rdommin>
            <rdommax>Unbounded</rdommax>
          </rdom>
        </attrdomv>
      </attr>
      <attr>
        <attrlabl>M10_14</attrlabl>
        <attrdef>Males 10-14</attrdef>
        <attrdefs>U.S. Census Bureau</attrdefs>
        <attrdomv>
          <rdom>
            <rdommin>0</rdommin>
            <rdommax>Unbounded</rdommax>
          </rdom>
        </attrdomv>
      </attr>
      <attr>
        <attrlabl>M15_17</attrlabl>
        <attrdef>Males 15-17 years</attrdef>
        <attrdefs>U.S. Census Bureau</attrdefs>
        <attrdomv>
          <rdom>
            <rdommin>0</rdommin>
            <rdommax>Unbounded</rdommax>
          </rdom>
        </attrdomv>
      </attr>
      <attr>
        <attrlabl>M18_19</attrlabl>
        <attrdef>Males 18-19 years</attrdef>
        <attrdefs>U.S. Census Bureau</attrdefs>
        <attrdomv>
          <rdom>
            <rdommin>0</rdommin>
            <rdommax>Unbounded</rdommax>
          </rdom>
        </attrdomv>
      </attr>
      <attr>
        <attrlabl>M20</attrlabl>
        <attrdef>Males 20 years</attrdef>
        <attrdefs>U.S. Census Bureau</attrdefs>
        <attrdomv>
          <rdom>
            <rdommin>0</rdommin>
            <rdommax>Unbounded</rdommax>
          </rdom>
        </attrdomv>
      </attr>
      <attr>
        <attrlabl>M21</attrlabl>
        <attrdef>Males 21 years</attrdef>
        <attrdefs>U.S. Census Bureau</attrdefs>
        <attrdomv>
          <rdom>
            <rdommin>0</rdommin>
            <rdommax>Unbounded</rdommax>
          </rdom>
        </attrdomv>
      </attr>
      <attr>
        <attrlabl>M22_24</attrlabl>
        <attrdef>Males 22-24 years</attrdef>
        <attrdefs>U.S. Census Bureau</attrdefs>
        <attrdomv>
          <rdom>
            <rdommin>0</rdommin>
            <rdommax>Unbounded</rdommax>
          </rdom>
        </attrdomv>
      </attr>
      <attr>
        <attrlabl>M25_29</attrlabl>
        <attrdef>Males 25-29 years</attrdef>
        <attrdefs>U.S. Census Bureau</attrdefs>
        <attrdomv>
          <rdom>
            <rdommin>0</rdommin>
            <rdommax>Unbounded</rdommax>
          </rdom>
        </attrdomv>
      </attr>
      <attr>
        <attrlabl>M30_34</attrlabl>
        <attrdef>Males 30-34 years</attrdef>
        <attrdefs>U.S. Census Bureau</attrdefs>
        <attrdomv>
          <rdom>
            <rdommin>0</rdommin>
            <rdommax>Unbounded</rdommax>
          </rdom>
        </attrdomv>
      </attr>
      <attr>
        <attrlabl>M35_39</attrlabl>
        <attrdef>Males 35-39 years</attrdef>
        <attrdefs>U.S. Census Bureau</attrdefs>
        <attrdomv>
          <rdom>
            <rdommin>0</rdommin>
            <rdommax>Unbounded</rdommax>
          </rdom>
        </attrdomv>
      </attr>
      <attr>
        <attrlabl>M40_44</attrlabl>
        <attrdef>Males 40-44 years</attrdef>
        <attrdefs>U.S. Census Bureau</attrdefs>
        <attrdomv>
          <rdom>
            <rdommin>0</rdommin>
            <rdommax>Unbounded</rdommax>
          </rdom>
        </attrdomv>
      </attr>
      <attr>
        <attrlabl>M45_49</attrlabl>
        <attrdef>Males 45-49 years</attrdef>
        <attrdefs>U.S. Census Bureau</attrdefs>
        <attrdomv>
          <rdom>
            <rdommin>0</rdommin>
            <rdommax>Unbounded</rdommax>
          </rdom>
        </attrdomv>
      </attr>
      <attr>
        <attrlabl>M50_54</attrlabl>
        <attrdef>Males 50-54 years</attrdef>
        <attrdefs>U.S. Census Bureau</attrdefs>
        <attrdomv>
          <rdom>
            <rdommin>0</rdommin>
            <rdommax>Unbounded</rdommax>
          </rdom>
        </attrdomv>
      </attr>
      <attr>
        <attrlabl>M55_59</attrlabl>
        <attrdef>Males 55-59 years</attrdef>
        <attrdefs>U.S. Census Bureau</attrdefs>
        <attrdomv>
          <rdom>
            <rdommin>0</rdommin>
            <rdommax>Unbounded</rdommax>
          </rdom>
        </attrdomv>
      </attr>
      <attr>
        <attrlabl>M60_61</attrlabl>
        <attrdef>Males 60-61 years</attrdef>
        <attrdefs>U.S. Census Bureau</attrdefs>
        <attrdomv>
          <rdom>
            <rdommin>0</rdommin>
            <rdommax>Unbounded</rdommax>
          </rdom>
        </attrdomv>
      </attr>
      <attr>
        <attrlabl>M62_64</attrlabl>
        <attrdef>Males 62-64 years</attrdef>
        <attrdefs>U.S. Census Bureau</attrdefs>
        <attrdomv>
          <rdom>
            <rdommin>0</rdommin>
            <rdommax>Unbounded</rdommax>
          </rdom>
        </attrdomv>
      </attr>
      <attr>
        <attrlabl>M65_66</attrlabl>
        <attrdef>Males 65-66 years</attrdef>
        <attrdefs>U.S. Census Bureau</attrdefs>
        <attrdomv>
          <rdom>
            <rdommin>0</rdommin>
            <rdommax>Unbounded</rdommax>
          </rdom>
        </attrdomv>
      </attr>
      <attr>
        <attrlabl>M67_69</attrlabl>
        <attrdef>Males 67-69 years</attrdef>
        <attrdefs>U.S. Census Bureau</attrdefs>
        <attrdomv>
          <rdom>
            <rdommin>0</rdommin>
            <rdommax>Unbounded</rdommax>
          </rdom>
        </attrdomv>
      </attr>
      <attr>
        <attrlabl>M70_74</attrlabl>
        <attrdef>Males 70-74 years</attrdef>
        <attrdefs>U.S. Census Bureau</attrdefs>
        <attrdomv>
          <rdom>
            <rdommin>0</rdommin>
            <rdommax>Unbounded</rdommax>
          </rdom>
        </attrdomv>
      </attr>
      <attr>
        <attrlabl>M75_79</attrlabl>
        <attrdef>Males 75-79 years</attrdef>
        <attrdefs>U.S. Census Bureau</attrdefs>
        <attrdomv>
          <rdom>
            <rdommin>0</rdommin>
            <rdommax>Unbounded</rdommax>
          </rdom>
        </attrdomv>
      </attr>
      <attr>
        <attrlabl>M80_84</attrlabl>
        <attrdef>Males 80-84 years</attrdef>
        <attrdefs>U.S. Census Bureau</attrdefs>
        <attrdomv>
          <rdom>
            <rdommin>0</rdommin>
            <rdommax>Unbounded</rdommax>
          </rdom>
        </attrdomv>
      </attr>
      <attr>
        <attrlabl>M_OVER85</attrlabl>
        <attrdef>Males over 85 years</attrdef>
        <attrdefs>U.S. Census Bureau</attrdefs>
        <attrdomv>
          <rdom>
            <rdommin>0</rdommin>
            <rdommax>Unbounded</rdommax>
          </rdom>
        </attrdomv>
      </attr>
      <attr>
        <attrlabl>F_UNDER5</attrlabl>
        <attrdef>Females under 5 years</attrdef>
        <attrdefs>U.S. Census Bureau</attrdefs>
        <attrdomv>
          <rdom>
            <rdommin>0</rdommin>
            <rdommax>Unbounded</rdommax>
          </rdom>
        </attrdomv>
      </attr>
      <attr>
        <attrlabl>F5_9</attrlabl>
        <attrdef>Females 5-9 years</attrdef>
        <attrdefs>U.S. Census Bureau</attrdefs>
        <attrdomv>
          <rdom>
            <rdommin>0</rdommin>
            <rdommax>Unbounded</rdommax>
          </rdom>
        </attrdomv>
      </attr>
      <attr>
        <attrlabl>F10_14</attrlabl>
        <attrdef>Females 10-14 years</attrdef>
        <attrdefs>U.S. Census Bureau</attrdefs>
        <attrdomv>
          <rdom>
            <rdommin>0</rdommin>
            <rdommax>Unbounded</rdommax>
          </rdom>
        </attrdomv>
      </attr>
      <attr>
        <attrlabl>F15_17</attrlabl>
        <attrdef>Females 15-17 years</attrdef>
        <attrdefs>U.S. Census Bureau</attrdefs>
        <attrdomv>
          <rdom>
            <rdommin>0</rdommin>
            <rdommax>Unbounded</rdommax>
          </rdom>
        </attrdomv>
      </attr>
      <attr>
        <attrlabl>F18_19</attrlabl>
        <attrdef>Females 18-19 years</attrdef>
        <attrdefs>U.S. Census Bureau</attrdefs>
        <attrdomv>
          <rdom>
            <rdommin>0</rdommin>
            <rdommax>Unbounded</rdommax>
          </rdom>
        </attrdomv>
      </attr>
      <attr>
        <attrlabl>F20</attrlabl>
        <attrdef>Females 20 years</attrdef>
        <attrdefs>U.S. Census Bureau</attrdefs>
        <attrdomv>
          <rdom>
            <rdommin>0</rdommin>
            <rdommax>Unbounded</rdommax>
          </rdom>
        </attrdomv>
      </attr>
      <attr>
        <attrlabl>F21</attrlabl>
        <attrdef>Females 21 years</attrdef>
        <attrdefs>U.S. Census Bureau</attrdefs>
        <attrdomv>
          <rdom>
            <rdommin>0</rdommin>
            <rdommax>Unbounded</rdommax>
          </rdom>
        </attrdomv>
      </attr>
      <attr>
        <attrlabl>F22_24</attrlabl>
        <attrdef>Females 22-24 years</attrdef>
        <attrdefs>U.S. Census Bureau</attrdefs>
        <attrdomv>
          <rdom>
            <rdommin>0</rdommin>
            <rdommax>Unbounded</rdommax>
          </rdom>
        </attrdomv>
      </attr>
      <attr>
        <attrlabl>F25_29</attrlabl>
        <attrdef>Females 25-29 years</attrdef>
        <attrdefs>U.S. Census Bureau</attrdefs>
        <attrdomv>
          <rdom>
            <rdommin>0</rdommin>
            <rdommax>Unbounded</rdommax>
          </rdom>
        </attrdomv>
      </attr>
      <attr>
        <attrlabl>F30_34</attrlabl>
        <attrdef>Females 30-34 years</attrdef>
        <attrdefs>U.S. Census Bureau</attrdefs>
        <attrdomv>
          <rdom>
            <rdommin>0</rdommin>
            <rdommax>Unbounded</rdommax>
          </rdom>
        </attrdomv>
      </attr>
      <attr>
        <attrlabl>F35_39</attrlabl>
        <attrdef>Females 35-39 years</attrdef>
        <attrdefs>U.S. Census Bureau</attrdefs>
        <attrdomv>
          <rdom>
            <rdommin>0</rdommin>
            <rdommax>Unbounded</rdommax>
          </rdom>
        </attrdomv>
      </attr>
      <attr>
        <attrlabl>F40_44</attrlabl>
        <attrdef>Females 40-44 years</attrdef>
        <attrdefs>U.S. Census Bureau</attrdefs>
        <attrdomv>
          <rdom>
            <rdommin>0</rdommin>
            <rdommax>Unbounded</rdommax>
          </rdom>
        </attrdomv>
      </attr>
      <attr>
        <attrlabl>F45_49</attrlabl>
        <attrdef>Females 45-49 years</attrdef>
        <attrdefs>U.S. Census Bureau</attrdefs>
        <attrdomv>
          <rdom>
            <rdommin>0</rdommin>
            <rdommax>Unbounded</rdommax>
          </rdom>
        </attrdomv>
      </attr>
      <attr>
        <attrlabl>F50_54</attrlabl>
        <attrdef>Females 50-54 years</attrdef>
        <attrdefs>U.S. Census Bureau</attrdefs>
        <attrdomv>
          <rdom>
            <rdommin>0</rdommin>
            <rdommax>Unbounded</rdommax>
          </rdom>
        </attrdomv>
      </attr>
      <attr>
        <attrlabl>F55_59</attrlabl>
        <attrdef>Females 55-59 years</attrdef>
        <attrdefs>U.S. Census Bureau</attrdefs>
        <attrdomv>
          <rdom>
            <rdommin>0</rdommin>
            <rdommax>Unbounded</rdommax>
          </rdom>
        </attrdomv>
      </attr>
      <attr>
        <attrlabl>F60_61</attrlabl>
        <attrdef>Females 60-61 years</attrdef>
        <attrdefs>U.S. Census Bureau</attrdefs>
        <attrdomv>
          <rdom>
            <rdommin>0</rdommin>
            <rdommax>Unbounded</rdommax>
          </rdom>
        </attrdomv>
      </attr>
      <attr>
        <attrlabl>F62_64</attrlabl>
        <attrdef>Females 62-64 years</attrdef>
        <attrdefs>U.S. Census Bureau</attrdefs>
        <attrdomv>
          <rdom>
            <rdommin>0</rdommin>
            <rdommax>Unbounded</rdommax>
          </rdom>
        </attrdomv>
      </attr>
      <attr>
        <attrlabl>F65_66</attrlabl>
        <attrdef>Females 65-66 years</attrdef>
        <attrdefs>U.S. Census Bureau</attrdefs>
        <attrdomv>
          <rdom>
            <rdommin>0</rdommin>
            <rdommax>Unbounded</rdommax>
          </rdom>
        </attrdomv>
      </attr>
      <attr>
        <attrlabl>F67_69</attrlabl>
        <attrdef>Females 67-69 years</attrdef>
        <attrdefs>U.S. Census Bureau</attrdefs>
        <attrdomv>
          <rdom>
            <rdommin>0</rdommin>
            <rdommax>Unbounded</rdommax>
          </rdom>
        </attrdomv>
      </attr>
      <attr>
        <attrlabl>F70_74</attrlabl>
        <attrdef>Females 70-74 years</attrdef>
        <attrdefs>U.S. Census Bureau</attrdefs>
        <attrdomv>
          <rdom>
            <rdommin>0</rdommin>
            <rdommax>Unbounded</rdommax>
          </rdom>
        </attrdomv>
      </attr>
      <attr>
        <attrlabl>F75_79</attrlabl>
        <attrdef>Females 75-79 years</attrdef>
        <attrdefs>U.S. Census Bureau</attrdefs>
        <attrdomv>
          <rdom>
            <rdommin>0</rdommin>
            <rdommax>Unbounded</rdommax>
          </rdom>
        </attrdomv>
      </attr>
      <attr>
        <attrlabl>F80_84</attrlabl>
        <attrdef>Females 80-84 years</attrdef>
        <attrdefs>U.S. Census Bureau</attrdefs>
        <attrdomv>
          <rdom>
            <rdommin>0</rdommin>
            <rdommax>Unbounded</rdommax>
          </rdom>
        </attrdomv>
      </attr>
      <attr>
        <attrlabl>F_OVER85</attrlabl>
        <attrdef>Females over 85 years</attrdef>
        <attrdefs>U.S. Census Bureau</attrdefs>
        <attrdomv>
          <rdom>
            <rdommin>0</rdommin>
            <rdommax>Unbounded</rdommax>
          </rdom>
        </attrdomv>
      </attr>
      <attr>
        <attrlabl>HOUSEHOLDS</attrlabl>
        <attrdef>Total households</attrdef>
        <attrdefs>U.S. Census Bureau</attrdefs>
        <attrdomv>
          <rdom>
            <rdommin>0</rdommin>
            <rdommax>Unbounded</rdommax>
          </rdom>
        </attrdomv>
      </attr>
      <attr>
        <attrlabl>AV_HH_SIZE</attrlabl>
        <attrdef>Average household size</attrdef>
        <attrdefs>U.S. Census Bureau</attrdefs>
        <attrdomv>
          <rdom>
            <rdommin>0</rdommin>
            <rdommax>Unbounded</rdommax>
          </rdom>
        </attrdomv>
      </attr>
      <attr>
        <attrlabl>HSEHLD_1M</attrlabl>
        <attrdef>1-person household, male householder</attrdef>
        <attrdefs>U.S. Census Bureau</attrdefs>
        <attrdomv>
          <rdom>
            <rdommin>0</rdommin>
            <rdommax>Unbounded</rdommax>
          </rdom>
        </attrdomv>
      </attr>
      <attr>
        <attrlabl>HSEHLD_1F</attrlabl>
        <attrdef>1-person household, female householder</attrdef>
        <attrdefs>U.S. Census Bureau</attrdefs>
        <attrdomv>
          <rdom>
            <rdommin>0</rdommin>
            <rdommax>Unbounded</rdommax>
          </rdom>
        </attrdomv>
      </attr>
      <attr>
        <attrlabl>MAR_MINORC</attrlabl>
        <attrdef>Married-couple family, with own children under 18 years</attrdef>
        <attrdefs>U.S. Census Bureau</attrdefs>
        <attrdomv>
          <rdom>
            <rdommin>0</rdommin>
            <rdommax>Unbounded</rdommax>
          </rdom>
        </attrdomv>
      </attr>
      <attr>
        <attrlabl>MAR_NO_MC</attrlabl>
        <attrdef>Married-couple family, no own children under 18 years</attrdef>
        <attrdefs>U.S. Census Bureau</attrdefs>
        <attrdomv>
          <rdom>
            <rdommin>0</rdommin>
            <rdommax>Unbounded</rdommax>
          </rdom>
        </attrdomv>
      </attr>
      <attr>
        <attrlabl>MHH_MINORC</attrlabl>
        <attrdef>Male householder, no wife present, with own children under 18
          years</attrdef>
        <attrdefs>U.S. Census Bureau</attrdefs>
        <attrdomv>
          <rdom>
            <rdommin>0</rdommin>
            <rdommax>Unbounded</rdommax>
          </rdom>
        </attrdomv>
      </attr>
      <attr>
        <attrlabl>FHH_MINORC</attrlabl>
        <attrdef>Female householder, no husband present, with own children under
          18 years</attrdef>
        <attrdefs>U.S. Census Bureau</attrdefs>
        <attrdomv>
          <rdom>
            <rdommin>0</rdommin>
            <rdommax>Unbounded</rdommax>
          </rdom>
        </attrdomv>
      </attr>
      <attr>
        <attrlabl>FAMILIES</attrlabl>
        <attrdef>Total families</attrdef>
        <attrdefs>U.S. Census Bureau</attrdefs>
        <attrdomv>
          <rdom>
            <rdommin>0</rdommin>
            <rdommax>Unbounded</rdommax>
          </rdom>
        </attrdomv>
      </attr>
      <attr>
        <attrlabl>AV_FAM_SZ</attrlabl>
        <attrdef>Average family size</attrdef>
        <attrdefs>U.S. Census Bureau</attrdefs>
        <attrdomv>
          <rdom>
            <rdommin>0</rdommin>
            <rdommax>Unbounded</rdommax>
          </rdom>
        </attrdomv>
      </attr>
      <attr>
        <attrlabl>HSE_UNITS</attrlabl>
        <attrdef>Total housing units</attrdef>
        <attrdefs>U.S. Census Bureau</attrdefs>
        <attrdomv>
          <rdom>
            <rdommin>0</rdommin>
            <rdommax>Unbounded</rdommax>
          </rdom>
        </attrdomv>
      </attr>
      <attr>
        <attrlabl>URBAN</attrlabl>
        <attrdef>Urban housing units</attrdef>
        <attrdefs>U.S. Census Bureau</attrdefs>
        <attrdomv>
          <rdom>
            <rdommin>0</rdommin>
            <rdommax>Unbounded</rdommax>
          </rdom>
        </attrdomv>
      </attr>
      <attr>
        <attrlabl>RURAL</attrlabl>
        <attrdef>Rural housing units</attrdef>
        <attrdefs>U.S. Census Bureau</attrdefs>
        <attrdomv>
          <rdom>
            <rdommin>0</rdommin>
            <rdommax>Unbounded</rdommax>
          </rdom>
        </attrdomv>
      </attr>
      <attr>
        <attrlabl>VACANT</attrlabl>
        <attrdef>Vacant housing units</attrdef>
        <attrdefs>U.S. Census Bureau</attrdefs>
        <attrdomv>
          <rdom>
            <rdommin>0</rdommin>
            <rdommax>Unbounded</rdommax>
          </rdom>
        </attrdomv>
      </attr>
      <attr>
        <attrlabl>OWNER_OCC</attrlabl>
        <attrdef>Owner-occupied housing units</attrdef>
        <attrdefs>U.S. Census Bureau</attrdefs>
        <attrdomv>
          <rdom>
            <rdommin>0</rdommin>
            <rdommax>Unbounded</rdommax>
          </rdom>
        </attrdomv>
      </attr>
      <attr>
        <attrlabl>RENTER_OCC</attrlabl>
        <attrdef>Renter-occupied housing units</attrdef>
        <attrdefs>U.S. Census Bureau</attrdefs>
        <attrdomv>
          <rdom>
            <rdommin>0</rdommin>
            <rdommax>Unbounded</rdommax>
          </rdom>
        </attrdomv>
      </attr>
    </detailed>
  </eainfo>
  <distinfo>
        <distrib>
          <cntinfo>
            <cntorgp>
              <cntorg>Albert R. Mann Library</cntorg>
            </cntorgp>
            <cntaddr>
              <addrtype>mailing and physical</addrtype>
              <address>Cornell University</address>
              <city>Ithaca</city>
              <state>New York</state>
              <postal>14853</postal>
            </cntaddr>
            <cntvoice>607-255-5406</cntvoice>
            <cntemail>mann-ref@cornell.edu</cntemail>
          </cntinfo>
        </distrib>
        <distliab>Cornell University provides these geographic data "as is". Cornell
          University makes no guarantee or warranty concerning the accuracy of
          information contained in the geographic data. Cornell University further
          makes no warranty either expressed or implied, regarding the condition of
          the product or its fitness for any particular purpose. The burden for
          determining fitness for use lies entirely with the user. Although these
          files have been processed successfully on computers at Cornell University,
          no warranty is made by Cornell University regarding the use of these data
          on any other system, nor does the fact of distribution constitute or imply
          any such warranty.</distliab>
        <stdorder>
        <digform>
            <digtinfo>
              <formname>Shapefile</formname>
              <formcont>zipped shapefile</formcont>
              <filedec>zip</filedec>
              <transize>0.21</transize>
            </digtinfo>
            <digtopt>
              <onlinopt>
                <computer>
                  <networka>
                    <networkr>https://cugir-data.s3.amazonaws.com/00/78/65/cugir-007865.zip</networkr>
                  </networka>
                </computer>
              </onlinopt>
            </digtopt>
          </digform><digform>
            <digtinfo>
              <formname>metadata</formname>
              <formcont>FGDC XML metadata</formcont>
            </digtinfo>
            <digtopt>
              <onlinopt>
                <computer>
                  <networka>
                    <networkr>https://cugir-data.s3.amazonaws.com/00/78/65/fgdc.xml</networkr>
                  </networka>
                </computer>
              </onlinopt>
            </digtopt>
          </digform><digform>
            <digtinfo>
              <formname>HTML metadata</formname>
              <formcont>FGDC HTML metadata</formcont>
            </digtinfo>
            <digtopt>
              <onlinopt>
                <computer>
                  <networka>
                    <networkr>https://cugir-data.s3.amazonaws.com/00/78/65/fgdc.html</networkr>
                  </networka>
                </computer>
              </onlinopt>
            </digtopt>
          </digform><digform>
                <digtinfo>
                  <formname>KML</formname>
                  <formcont>generated KML, via WFS</formcont>
                </digtinfo>
                <digtopt>
                  <onlinopt>
                    <computer>
                      <networka>
                        <networkr>https://cugir.library.cornell.edu/geoserver/cugir/wfs?version=1.0.0&amp;request=GetFeature&amp;typeName=cugir007865&amp;outputFormat=application%2Fvnd.google-earth.kml%2Bxml</networkr>
                      </networka>
                    </computer>
                  </onlinopt>
                </digtopt>
              </digform><digform>
            <digtinfo>
              <formname>GeoJSON</formname>
              <formcont>generated GeoJSON, via WFS</formcont>
            </digtinfo>
            <digtopt>
              <onlinopt>
                <computer>
                  <networka>
                    <networkr>https://cugir.library.cornell.edu/geoserver/cugir/wfs?version=1.0.0&amp;request=GetFeature&amp;typeName=cugir007865&amp;outputFormat=application%2Fjson</networkr>
                  </networka>
                </computer>
              </onlinopt>
            </digtopt>
          </digform><digform>
            <digtinfo>
              <formname>OGC:WMS</formname>
              <formcont>WMS, from GeoServer</formcont>
            </digtinfo>
            <digtopt>
              <onlinopt>
                <computer>
                  <networka>
                    <networkr>https://cugir.library.cornell.edu/geoserver/cugir/wms?version=1.1.0&amp;request=GetMap&amp;layers=cugir007865&amp;bbox=-79.99933014,40.36051059,-71.61903586,45.15144241&amp;width=256&amp;height=146&amp;srs=EPSG:4326&amp;format=image/png</networkr>
                  </networka>
                </computer>
              </onlinopt>
            </digtopt>
          </digform><fees>None</fees></stdorder>
      </distinfo>
  <metainfo>
      <metd>20190524</metd>
      <metc>
        <cntinfo>
          <cntorgp>
            <cntorg>Albert R. Mann Library</cntorg>
          </cntorgp>
          <cntaddr>
            <addrtype>mailing and physical</addrtype>
            <address>Albert R. Mann Library</address>
            <city>Ithaca</city>
            <state>New York</state>
            <postal>14853</postal>
            <country>USA</country>
          </cntaddr>
          <cntvoice>607-255-5406</cntvoice>
          <cntemail>mann-ref@cornell.edu</cntemail>
        </cntinfo>
      </metc>
      <metstdn>FGDC Content Standard for Digital Geospatial Metadata</metstdn>
      <metstdv>FGDC-STD-001-1998</metstdv>
      <mettc>local time</mettc>
    </metainfo>
</metadata>
