"GEO_ID","id"
"NAME","Geographic Area Name"
"B08007_001E","Estimate!!Total:"
"B08007_001M","Margin of Error!!Total:"
"B08007_002E","Estimate!!Total:!!Worked in state of residence:"
"B08007_002M","Margin of Error!!Total:!!Worked in state of residence:"
"B08007_003E","Estimate!!Total:!!Worked in state of residence:!!Worked in county of residence"
"B08007_003M","Margin of Error!!Total:!!Worked in state of residence:!!Worked in county of residence"
"B08007_004E","Estimate!!Total:!!Worked in state of residence:!!Worked outside county of residence"
"B08007_004M","Margin of Error!!Total:!!Worked in state of residence:!!Worked outside county of residence"
"B08007_005E","Estimate!!Total:!!Worked outside state of residence"
"B08007_005M","Margin of Error!!Total:!!Worked outside state of residence"
"B08007_006E","Estimate!!Total:!!Male:"
"B08007_006M","Margin of Error!!Total:!!Male:"
"B08007_007E","Estimate!!Total:!!Male:!!Worked in state of residence:"
"B08007_007M","Margin of Error!!Total:!!Male:!!Worked in state of residence:"
"B08007_008E","Estimate!!Total:!!Male:!!Worked in state of residence:!!Worked in county of residence"
"B08007_008M","Margin of Error!!Total:!!Male:!!Worked in state of residence:!!Worked in county of residence"
"B08007_009E","Estimate!!Total:!!Male:!!Worked in state of residence:!!Worked outside county of residence"
"B08007_009M","Margin of Error!!Total:!!Male:!!Worked in state of residence:!!Worked outside county of residence"
"B08007_010E","Estimate!!Total:!!Male:!!Worked outside state of residence"
"B08007_010M","Margin of Error!!Total:!!Male:!!Worked outside state of residence"
"B08007_011E","Estimate!!Total:!!Female:"
"B08007_011M","Margin of Error!!Total:!!Female:"
"B08007_012E","Estimate!!Total:!!Female:!!Worked in state of residence:"
"B08007_012M","Margin of Error!!Total:!!Female:!!Worked in state of residence:"
"B08007_013E","Estimate!!Total:!!Female:!!Worked in state of residence:!!Worked in county of residence"
"B08007_013M","Margin of Error!!Total:!!Female:!!Worked in state of residence:!!Worked in county of residence"
"B08007_014E","Estimate!!Total:!!Female:!!Worked in state of residence:!!Worked outside county of residence"
"B08007_014M","Margin of Error!!Total:!!Female:!!Worked in state of residence:!!Worked outside county of residence"
"B08007_015E","Estimate!!Total:!!Female:!!Worked outside state of residence"
"B08007_015M","Margin of Error!!Total:!!Female:!!Worked outside state of residence"
